timestamp,system_time,wheel_x,wheel_y,wheel_yaw_deg,wheel_vx,wheel_vy,wheel_wz,ekf_x,ekf_y,ekf_yaw_deg,ekf_vx,ekf_vy,ekf_wz,imu_yaw_deg,imu_ax,imu_ay,imu_az,imu_gx,imu_gy,imu_gz,cmd_stage2_linear,cmd_stage2_angular,cmd_lane_linear,cmd_lane_angular,cmd_final_linear,cmd_final_angular,front_dist,front_angle_deg,left_dist,right_dist,phase,mission_state,feedback,avoid_state,avoid_leg_m,avoid_turn_deg,plan_index,seg_type,seg_desc
1780714856.424716,1780714856.424819,0.0,0.0,0.0,0.0,0.0,0.0,0.0,0.0,-0.06538109019920887,0.0,0.0,4.891409806877375e-08,-0.06707017646202876,-0.0011962867574766278,0.01315915398299694,9.819121360778809,0.0,-0.0005328800179995596,-0.0005328800179995596,0.0,0.0,0.0,0.0,0.0,0.0,inf,0.0,inf,inf,0,,,,0.0,0.0,-1,,
1780714857.424850,1780714857.424956,0.0,0.0,0.0,0.0,0.0,0.0,0.0,0.0,-0.08719211016640994,0.0,0.0,-5.142644371279722e-08,-0.08976557828394621,0.016748014837503433,0.029907168820500374,9.825102806091309,0.0002664400089997798,0.0,-0.0002664400089997798,0.0,0.0,0.0,0.0,0.0,0.0,inf,0.0,inf,inf,0,,,,0.0,0.0,-1,,
1780714858.424588,1780714858.424686,0.0,0.0,0.0,0.0,0.0,0.0,0.0,0.0,-0.09686281807563783,0.0,0.0,-5.7572022614039205e-08,-0.098094740323825,0.011962867341935635,0.014355440624058247,9.820318222045898,-0.0002664400089997798,-0.0010657600359991193,-0.0002664400089997798,0.0,0.0,0.0,0.0,0.0,0.0,inf,0.0,inf,inf,0,idle,惯导参数测试等待输入就绪: wheel_odom(/odom 0/5),,0.0,0.0,-1,,
1780714859.424692,1780714859.424792,0.0,0.0,0.0,0.0,0.0,0.0,0.0,0.0,-0.10940298151097659,0.0,0.0,-1.1928634301393497e-14,-0.1094095371163542,0.004785147029906511,0.0,9.827495574951172,-0.0007993200561031699,-0.0013322000158950686,0.0002664400089997798,0.0,0.0,0.0,0.0,0.0,0.0,inf,0.0,inf,inf,0,idle,惯导参数测试位姿已就绪，0.50s 后开始,,0.0,0.0,-1,,
1780714860.424774,1780714860.424874,0.007879866287112236,0.00012328864249866456,1.8375582358070879,0.039000000804662704,0.0,0.16099999845027924,0.004959292315028731,2.4571797808996342e-05,0.9804617965194699,0.03248341971645866,0.0,0.08000007916724078,1.280128192253096,0.03708488866686821,0.2320796251296997,9.628911972045898,0.003996599931269884,0.003996599931269884,0.12575969099998474,0.08,0.8,0.0,0.0,0.08,0.8,inf,0.0,inf,inf,0,rect_enter_align,惯导参数测试当前位置: 通道后起点入口对齐，开始左转 95 度,,0.0,0.0,-1,,
1780714861.424699,1780714861.424802,0.08841503411531448,0.010511675849556923,11.988768087840334,0.08500000089406967,0.0,0.07999999821186066,0.08078903846414275,0.008247749230316986,11.943071950776773,0.08639761608809153,0.0,0.24199394370126043,12.584865150992215,-0.04785146936774254,0.08015121519565582,9.808355331420898,0.0018650800921022892,-0.007993199862539768,0.22514180839061737,0.08,0.8,0.0,0.0,0.08,0.8,inf,0.0,inf,inf,0,rect_enter_align,惯导参数测试当前位置: 通道后起点入口对齐，开始左转 95 度,,0.0,0.0,-1,,
1780714862.424775,1780714862.424889,0.16812020540237427,0.037362389266490936,23.76954667017003,0.08500000089406967,0.0,0.24199999868869781,0.15938342322475402,0.03337404140984902,23.814737887055756,0.08672417420033421,0.0,0.2419999986762976,24.28830448466789,-0.17346158623695374,0.05981433764100075,9.927983283996582,0.005062360316514969,0.0005328800179995596,0.18837308883666992,0.08,0.8,0.0,0.0,0.08,0.8,inf,0.0,inf,inf,0,rect_enter_align,惯导参数测试当前位置: 通道后起点入口对齐，开始左转 95 度,,0.0,0.0,-1,,
1780714863.424659,1780714863.424762,0.2413516491651535,0.08084214478731155,34.15190549164214,0.07800000160932541,0.0,0.16099999845027924,0.2323267712812028,0.07405480664120197,35.05775304843469,0.08023730727672702,0.0,0.16101018270256437,35.56097680505619,-0.03469231724739075,-0.07656235247850418,9.813139915466309,0.004263040143996477,-0.005328800063580275,0.19050461053848267,0.08,0.8,0.0,0.0,0.08,0.8,inf,0.0,inf,inf,0,rect_enter_align,惯导参数测试当前位置: 通道后起点入口对齐，开始左转 95 度,,0.0,0.0,-1,,
1780714864.424611,1780714864.424714,0.303702175617218,0.1363077610731125,44.76720449966295,0.06499999761581421,0.0,0.16099999845027924,0.2944215704835142,0.12714418256038468,46.4085790928442,0.06747520266103366,0.0,0.1609984232212179,46.874620399116374,0.08613264560699463,0.0945066511631012,9.761699676513672,0.014920640736818314,-0.009325399994850159,0.16679143905639648,0.08,0.8,0.0,0.0,0.08,0.8,inf,0.0,inf,inf,0,rect_enter_align,惯导参数测试当前位置: 通道后起点入口对齐，开始左转 95 度,,0.0,0.0,-1,,
1780714865.424574,1780714865.424670,0.35705602169036865,0.20618169009685516,56.08431910528091,0.08500000089406967,0.0,0.24199999868869781,0.3455056512211575,0.19197059056923277,57.84704907682462,0.0952605884162089,0.0,0.16101434944856519,58.43294603517228,-0.09809551388025284,0.15432098507881165,9.840654373168945,0.006394560448825359,0.0007993200561031699,0.19929713010787964,0.08,0.8,0.0,0.0,0.08,0.8,inf,0.0,inf,inf,0,rect_enter_align,惯导参数测试当前位置: 通道后起点入口对齐，开始左转 95 度,,0.0,0.0,-1,,
1780714866.424605,1780714866.424712,0.39708787202835083,0.2873924672603607,68.09381681725225,0.08500000089406967,0.0,0.24199999868869781,0.3840315864543652,0.2694893722037375,69.68307889151063,0.08220145292624796,0.0,0.16100447348487554,70.22368188958667,-0.055029191076755524,-0.019140588119626045,9.826299667358398,0.006128120236098766,0.006394560448825359,0.19823136925697327,0.08,0.8,0.0,0.0,0.08,0.8,inf,0.0,inf,inf,0,rect_enter_align,惯导参数测试当前位置: 通道后起点入口对齐，开始左转 95 度,,0.0,0.0,-1,,
1780714867.424655,1780714867.424764,0.41988086700439453,0.3717287480831146,79.87176770126555,0.08500000089406967,0.0,0.24199999868869781,0.4054221868959029,0.3491855070082809,81.08948960603624,0.09010008330934224,0.0,0.24199991769310844,81.7359081905507,-0.12082496285438538,0.10168437659740448,9.829888343811035,0.01332200039178133,-0.00905896071344614,0.20649100840091705,0.08,0.5522539090199396,0.0,0.0,0.08,0.5522539090199396,inf,0.0,inf,inf,0,rect_enter_align,惯导参数测试当前位置: 通道后起点入口对齐，开始左转 95 度,,0.0,0.0,-1,,
1780714868.424648,1780714868.424754,0.425969660282135,0.46103814244270325,92.11462907151412,0.07100000232458115,0.0,0.24199999868869781,0.4101861411059161,0.4347362515548486,92.84037844534849,0.07540901885904322,0.0,0.24199999867902794,93.35406713652026,-0.11484352499246597,0.057421762496232986,9.846635818481445,0.006661000195890665,-0.0021315200719982386,0.19769848883152008,0.08,0.18,0.0,0.0,0.08,0.18,inf,0.0,inf,inf,0,rect_enter_align,惯导参数测试当前位置: 通道后起点入口对齐，开始左转 95 度,,0.0,0.0,-1,,
1780714869.424531,1780714869.424631,0.41299039125442505,0.5951668620109558,96.73002012012351,0.19599999487400055,0.0,0.0,0.3984411179635491,0.5515127231753666,96.13078653023926,0.2005698231660351,0.0,0.0799803611569853,95.98441768508903,0.24643507599830627,0.0753660649061203,9.667193412780762,0.0007993200561031699,-0.010391159914433956,-0.028775520622730255,0.24,-0.08375053405761754,0.0,0.0,0.24,-0.08375053405761754,inf,0.0,inf,inf,0,rect_first_leg,惯导参数测试当前位置: 底边向左 1.10m 段，目标直行 1.10m,,0.0,0.0,-1,,
1780714870.424629,1780714870.424736,0.38889598846435547,0.8380191922187805,95.11614204189789,0.24799999594688416,0.0,0.0,0.3790256489802638,0.7862469257189706,93.23982954692444,0.2495246996356645,0.0,-3.4959530029014807e-06,93.18968426099235,0.07895492762327194,-0.008374007418751717,9.401618003845215,0.004795920103788376,-0.003463720204308629,-0.011456920765340328,0.24,-0.03868255615234446,0.0,0.0,0.24,-0.03868255615234446,inf,0.0,inf,inf,0,rect_first_leg,惯导参数测试当前位置: 底边向左 1.10m 段，目标直行 1.10m,,0.0,0.0,-1,,
1780714871.424642,1780714871.424751,0.36654993891716003,1.108087420463562,94.65946193361249,0.24199999868869781,0.0,0.07999999821186066,0.36786625486757285,1.0419776474040405,91.53996915477867,0.26343580630843877,0.0,-8.000564977184155e-08,91.58423848249784,0.06579577177762985,0.04904775694012642,9.864580154418945,-0.015986399725079536,-0.0002664400089997798,-0.010391159914433956,0.24,-0.019531059265137075,0.0,0.0,0.24,-0.019531059265137075,inf,0.0,inf,inf,0,rect_first_leg,惯导参数测试当前位置: 底边向左 1.10m 段，目标直行 1.10m,,0.0,0.0,-1,,
1780714872.424679,1780714872.424787,0.3456166386604309,1.3767998218536377,94.66070502804143,0.24799999594688416,0.0,0.0,0.3623344571834422,1.296203909944166,90.94155220267459,0.26363124093487267,0.0,-2.8677986898470453e-06,90.93168129268437,-0.08732893317937851,-0.16748014092445374,9.996171951293945,0.030640600249171257,0.009325399994850159,-0.004795920103788376,0.24,-0.025964355468750356,0.0,0.0,0.24,-0.025964355468750356,inf,0.0,inf,inf,0,rect_first_leg,惯导参数测试当前位置: 底边向左 1.10m 段，目标直行 1.10m,,0.0,0.0,-1,,
1780714873.424651,1780714873.424753,0.32822850346565247,1.6354306936264038,91.8938363764043,0.17599999904632568,0.0,-0.40400001406669617,0.36073447647632556,1.5464615541644433,89.02199069989362,0.2007338093143929,0.0,-0.24199991768161272,87.87645541576524,-0.21054646372795105,0.07297348976135254,9.868169784545898,-0.006394560448825359,-0.0015986401122063398,-0.3503686189651489,0.08,-0.8,0.0,0.0,0.08,-0.8,inf,0.0,inf,inf,0,rect_corner_1,惯导参数测试当前位置: 左下拐角，开始右转 80 度,,0.0,0.0,-1,,
1780714874.424542,1780714874.424639,0.3375796973705292,1.7489889860153198,76.17117120895264,0.09099999815225601,0.0,-0.16099999845027924,0.37845562125895177,1.6599063446657585,71.7250797844326,0.09010603292279708,0.0,-0.24200127565139654,71.02735359215744,-0.0945066511631012,-0.041870035231113434,9.860991477966309,-0.006927440408617258,0.0005328800179995596,-0.2437926083803177,0.08,-0.8,0.0,0.0,0.08,-0.8,inf,0.0,inf,inf,0,rect_corner_1,惯导参数测试当前位置: 左下拐角，开始右转 80 度,,0.0,0.0,-1,,
1780714875.424636,1780714875.424741,0.3658563196659088,1.8354958295822144,64.39531036282536,0.08500000089406967,0.0,-0.07999999821186066,0.4144482180170972,1.738630574466134,58.09829897505291,0.08947864984847052,0.0,-0.2419999177172469,57.320127862811525,-0.09091779589653015,-0.055029191076755524,9.795195579528809,-0.010391159914433956,0.0015986401122063398,-0.24672344326972961,0.08,-0.8,0.0,0.0,0.08,-0.8,inf,0.0,inf,inf,0,rect_corner_1,惯导参数测试当前位置: 左下拐角，开始右转 80 度,,0.0,0.0,-1,,
1780714876.424639,1780714876.424741,0.40727826952934265,1.9105044603347778,52.3859799904887,0.07800000160932541,0.0,-0.16099999845027924,0.4651916432508033,1.8036494692020193,45.24308137593297,0.07417324990004978,0.0,-0.24199037854226996,44.70224032026896,-0.08732893317937851,-0.021533161401748657,9.759306907653809,-0.0013322000158950686,0.0007993200561031699,-0.21048760414123535,0.08,-0.8,0.0,0.0,0.08,-0.8,inf,0.0,inf,inf,0,rect_corner_1,惯导参数测试当前位置: 左下拐角，开始右转 80 度,,0.0,0.0,-1,,
1780714877.424688,1780714877.424793,0.4641478359699249,1.9760328531265259,40.1427395447412,0.07800000160932541,0.0,-0.16099999845027924,0.5296769487218519,1.856007378145142,32.03575454259749,0.0878990492227086,0.0,-0.24199991774494878,31.254249193529358,-0.07058091461658478,-0.04665518179535866,9.882524490356445,-0.007193880155682564,-0.0077267601154744625,-0.24805565178394318,0.08,-0.8,0.0,0.0,0.08,-0.8,inf,0.0,inf,inf,0,rect_corner_1,惯导参数测试当前位置: 左下拐角，开始右转 80 度,,0.0,0.0,-1,,
1780714878.424903,1780714878.425021,0.5313610434532166,2.0273818969726562,29.294862350197693,0.08500000089406967,0.0,-0.24199999868869781,0.6032451147355896,1.8915451773402345,18.83918069521004,0.08771434687834048,0.0,-0.24199991756767894,18.042095387673456,0.07058091461658478,-0.056225478649139404,9.788018226623535,-0.012256240472197533,0.0,-0.24405904114246368,0.08,-0.5588090040042206,0.0,0.0,0.08,-0.5588090040042206,inf,0.0,inf,inf,0,rect_corner_1,惯导参数测试当前位置: 左下拐角，开始右转 80 度,,0.0,0.0,-1,,
1780714879.424642,1780714879.424746,0.6119706034660339,2.065925359725952,17.517483494527376,0.09099999815225601,0.0,-0.16099999845027924,0.6885635542339673,1.9098246563289754,4.882497435490124,0.07961999818938924,0.0,-0.16101725686456386,4.210177572837057,-0.18063929677009583,0.010766580700874329,9.882524490356445,-0.003463720204308629,0.0007993200561031699,-0.2278062105178833,0.08,-0.18,0.0,0.0,0.08,-0.18,inf,0.0,inf,inf,0,rect_corner_1,惯导参数测试当前位置: 左下拐角，开始右转 80 度,,0.0,0.0,-1,,
1780714880.424596,1780714880.424697,0.7347638607025146,2.097503185272217,13.819395389187154,0.19599999487400055,0.0,0.16099999845027924,0.8045816287837305,1.909905086718997,-0.7873941894723623,0.19939090005104249,0.0,0.16098601555967965,-0.45631466426036,-0.009570294059813023,0.12202125042676926,9.882524490356445,0.007193880155682564,-0.003996599931269884,0.10924040526151657,0.24,0.058157849311828706,0.0,0.0,0.24,0.058157849311828706,inf,0.0,inf,inf,0,rect_side_1,惯导参数测试当前位置: 左边向上 0.50m 段，目标直行 0.50m,,0.0,0.0,-1,,
1780714881.424679,1780714881.424787,0.9608078598976135,2.1671202182769775,16.124046356669318,0.23499999940395355,0.0,0.0,1.033609378730666,1.9134562169381573,1.4879381478688452,0.24675714050034964,0.0,-0.07998271857559927,1.5132389600529361,-0.08015121519565582,-0.0813474953174591,10.004546165466309,0.00452948035672307,0.009591840207576752,0.00452948035672307,0.24,-0.01907958984374991,0.0,0.0,0.24,-0.01907958984374991,inf,0.0,inf,inf,0,rect_side_1,惯导参数测试当前位置: 左边向上 0.50m 段，目标直行 0.50m,,0.0,0.0,-1,,
1780714882.424653,1780714882.424758,1.1744468212127686,2.2340760231018066,11.736654706517767,0.15000000596046448,0.0,-0.40400001406669617,1.2599912525300052,1.9171743560524317,-2.724256020759118,0.15973659153906625,0.0,-0.32299993287024087,-4.0891030116612965,-0.265575647354126,-0.2763422429561615,9.777251243591309,-0.012256240472197533,-0.0031972802244126797,-0.40152508020401,0.08,-0.8,0.0,0.0,0.08,-0.8,inf,0.0,inf,inf,0,rect_corner_2,惯导参数测试当前位置: 左上拐角，开始右转 90 度,,0.0,0.0,-1,,
1780714883.424673,1780714883.424775,1.2761374711990356,2.2437868118286133,-2.359682015068369,0.07800000160932541,0.0,-0.3230000138282776,1.364241139790463,1.896863307101748,-20.056244989163815,0.07921531699296411,0.0,-0.1610143688533769,-20.716340952073633,-0.1064695194363594,-0.06101062521338463,9.868169784545898,-0.004795920103788376,0.0,-0.22860552370548248,0.08,-0.8,0.0,0.0,0.08,-0.8,inf,0.0,inf,inf,0,rect_corner_2,惯导参数测试当前位置: 左上拐角，开始右转 90 度,,0.0,0.0,-1,,
1780714884.424650,1780714884.424752,1.3527644872665405,2.2316596508026123,-14.368725306016477,0.08500000089406967,0.0,-0.24199999868869781,1.4326842926391192,1.8635558492627036,-32.72904848430197,0.07224470808196308,0.0,-0.24199358851918334,-33.38210156483571,-0.045458897948265076,-0.04785146936774254,9.862188339233398,-0.01198980025947094,-0.002397960051894188,-0.2278062105178833,0.08,-0.8,0.0,0.0,0.08,-0.8,inf,0.0,inf,inf,0,rect_corner_2,惯导参数测试当前位置: 左上拐角，开始右转 90 度,,0.0,0.0,-1,,
1780714885.424643,1780714885.424744,1.4271265268325806,2.2022392749786377,-25.921795626701694,0.08500000089406967,0.0,-0.24199999868869781,1.4952768019474585,1.812867963398831,-46.02752385510598,0.07986936904394489,0.0,-0.1609999984502793,-46.82234594864147,-0.0945066511631012,-0.03708488866686821,9.847832679748535,-0.00905896071344614,-0.006128120236098766,-0.24086177349090576,0.08,-0.8,0.0,0.0,0.08,-0.8,inf,0.0,inf,inf,0,rect_corner_2,惯导参数测试当前位置: 左上拐角，开始右转 90 度,,0.0,0.0,-1,,
1780714886.424652,1780714886.424757,1.4980316162109375,2.15425443649292,-38.16341561006862,0.07800000160932541,0.0,-0.16099999845027924,1.546081992002215,1.7463260744808373,-59.68778445133771,0.07346395208561576,0.0,-0.24199991769831442,-60.403888994512364,-0.029907168820500374,0.014355440624058247,9.863384246826172,-0.008792520500719547,0.0002664400089997798,-0.22141164541244507,0.08,-0.8,0.0,0.0,0.08,-0.8,inf,0.0,inf,inf,0,rect_corner_2,惯导参数测试当前位置: 左上拐角，开始右转 90 度,,0.0,0.0,-1,,
1780714887.424644,1780714887.424747,1.5552347898483276,2.095644235610962,-49.009257408239456,0.08500000089406967,0.0,-0.24199999868869781,1.5781408002113664,1.6745050212543993,-72.74055729183748,0.06769855485484721,0.0,-0.1610115561332856,-73.38351056784872,0.0023925735149532557,-0.09570293873548508,9.816729545593262,-0.013055560179054737,-0.009325399994850159,-0.22540824115276337,0.08,-0.8,0.0,0.0,0.08,-0.8,inf,0.0,inf,inf,0,rect_corner_2,惯导参数测试当前位置: 左上拐角，开始右转 90 度,,0.0,0.0,-1,,
1780714888.424673,1780714888.424780,1.6004759073257446,2.024430990219116,-61.70381967886847,0.07800000160932541,0.0,-0.3230000138282776,1.5939703412992599,1.5956438421124366,-85.35961805225928,0.08922265347453218,0.0,-0.24200037870342533,-86.73884395455002,-0.05981433764100075,-0.06699205935001373,9.845439910888672,-0.0173186007887125,0.008526080287992954,-0.23020416498184204,0.08,-0.4487363417916974,0.0,0.0,0.08,-0.4487363417916974,inf,0.0,inf,inf,0,rect_corner_2,惯导参数测试当前位置: 左上拐角，开始右转 90 度,,0.0,0.0,-1,,
1780714889.424759,1780714889.424868,1.6328387260437012,1.9378966093063354,-74.41810753582048,0.07800000160932541,0.0,-0.16099999845027924,1.5903361786553194,1.5047636232063626,-99.704327674932,0.09003641980268065,0.0,-0.24199932075944836,-100.32000691261591,-0.04067374765872955,-0.14235812425613403,9.722222328186035,-0.010391159914433956,0.0013322000158950686,-0.21688216924667358,0.24,0.03872871398925746,0.0,0.0,0.24,0.03872871398925746,inf,0.0,inf,inf,0,rect_top,惯导参数测试当前位置: 顶边向右 3.00m 段，目标直行 3.00m,,0.0,0.0,-1,,
1780714890.424646,1780714890.424751,1.6785465478897095,1.7503631114959717,-73.27430356684265,0.23499999940395355,0.0,0.0,1.558512971843392,1.3374988960830618,-99.03495211749009,0.248828892567221,0.0,1.6635257604008524e-05,-98.84211678366631,-0.05383290350437164,0.0023925735149532557,9.796392440795898,-0.01332200039178133,0.017851481214165688,0.07753404229879379,0.24,0.019639015197753906,0.0,0.0,0.24,0.019639015197753906,inf,0.0,inf,inf,0,rect_top,惯导参数测试当前位置: 顶边向右 3.00m 段，目标直行 3.00m,,0.0,0.0,-1,,
1780714891.424671,1780714891.424775,1.7522451877593994,1.4971086978912354,-72.12851201281633,0.24799999594688416,0.0,0.0,1.5228705452008595,1.0911025681671467,-97.46614694358983,0.2630832008510818,0.0,3.563438363014121e-06,-97.42212507658488,0.1375729739665985,0.04067374765872955,9.878935813903809,0.019983001053333282,-0.0018650800921022892,0.0173186007887125,0.24,-0.012357521057128552,0.0,0.0,0.24,-0.012357521057128552,inf,0.0,inf,inf,0,rect_top,惯导参数测试当前位置: 顶边向右 3.00m 段，目标直行 3.00m,,0.0,0.0,-1,,
1780714892.424681,1780714892.424782,1.8255401849746704,1.252680778503418,-72.12774703162928,0.23499999940395355,0.0,0.0,1.49181344517662,0.8405274655604076,-96.92285868710383,0.25620951703388967,0.0,-0.07999999819736711,-96.8676906550943,-0.13398411870002747,-0.045458897948265076,9.681549072265625,0.0077267601154744625,0.0007993200561031699,-0.008526080287992954,0.24,-0.012378883361816409,0.0,0.0,0.24,-0.012378883361816409,inf,0.0,inf,inf,0,rect_top,惯导参数测试当前位置: 顶边向右 3.00m 段，目标直行 3.00m,,0.0,0.0,-1,,
1780714893.424633,1780714893.424737,1.9011198282241821,0.9970483779907227,-72.35672229336478,0.23499999940395355,0.0,0.0,1.4619174444585379,0.5895062669547859,-96.642167084972,0.248859289822948,0.0,8.010386585988183e-08,-96.66009515172694,-0.09331036359071732,-0.009570294059813023,9.660015106201172,0.00452948035672307,-0.013854880817234516,0.006927440408617258,0.24,-0.005984687805175783,0.0,0.0,0.24,-0.005984687805175783,inf,0.0,inf,inf,0,rect_top,惯导参数测试当前位置: 顶边向右 3.00m 段，目标直行 3.00m,,0.0,0.0,-1,,
1780714894.424648,1780714894.424750,1.9770005941390991,0.7407233715057373,-72.1292906543817,0.2290000021457672,0.0,0.07999999821186066,1.4342314972383323,0.3372092264384886,-95.9826016476605,0.2424611629677167,0.0,-0.07999999821170044,-95.91809063768646,-0.05263661593198776,-0.08972150832414627,9.801177024841309,0.016519280150532722,-0.012789120897650719,0.0,0.24,-0.005942153930664418,0.0,0.0,0.24,-0.005942153930664418,inf,0.0,inf,inf,0,rect_top,惯导参数测试当前位置: 顶边向右 3.00m 段，目标直行 3.00m,,0.0,0.0,-1,,
1780714895.424660,1780714895.424762,2.053239107131958,0.48720625042915344,-71.67164748942334,0.2290000021457672,0.0,0.07999999821186066,1.4086924161540888,0.08774090315198319,-96.01135766988669,0.24879178032039398,0.0,2.604012975533209e-07,-96.00735941095387,-0.019140588119626045,0.0023925735149532557,9.944731712341309,-0.007193880155682564,0.0018650800921022892,-0.008526080287992954,0.24,-0.018721008300780898,0.0,0.0,0.24,-0.018721008300780898,inf,0.0,inf,inf,0,rect_top,惯导参数测试当前位置: 顶边向右 3.00m 段，目标直行 3.00m,,0.0,0.0,-1,,
1780714896.424656,1780714896.424760,2.128340721130371,0.24150659143924713,-71.43785694432297,0.23499999940395355,0.0,0.0,1.381181654705846,-0.16369938223442496,-96.6514313121391,0.24902819693428935,0.0,-5.497379633467164e-06,-96.78190290599191,0.16748014092445374,0.0,9.444684028625488,0.0013322000158950686,-0.004795920103788376,-0.03090704046189785,0.24,-0.031644248962402345,0.0,0.0,0.24,-0.031644248962402345,inf,0.0,inf,inf,0,rect_top,惯导参数测试当前位置: 顶边向右 3.00m 段，目标直行 3.00m,,0.0,0.0,-1,,
1780714897.424661,1780714897.424763,2.205134868621826,-0.013644185848534107,-71.66694831927437,0.24199999868869781,0.0,0.07999999821186066,1.3494719688806425,-0.41368711917610507,-97.7090350992631,0.25608830772103214,0.0,0.07998287550037778,-97.72834512996712,0.07058091461658478,0.10168437659740448,9.962676048278809,0.006927440408617258,-0.0077267601154744625,-0.005328800063580275,0.24,-0.018848609924316407,0.0,0.0,0.24,-0.018848609924316407,inf,0.0,inf,inf,0,rect_top,惯导参数测试当前位置: 顶边向右 3.00m 段，目标直行 3.00m,,0.0,0.0,-1,,
1780714898.424709,1780714898.424809,2.275516986846924,-0.2588315010070801,-73.27868171810061,0.24799999594688416,0.0,0.0,1.315371412320001,-0.6618955388086084,-97.83224845596212,0.26265295714987696,0.0,-8.000718217104907e-08,-97.6444792113012,0.1507321298122406,-0.05861805006861687,9.766485214233398,0.0002664400089997798,0.0013322000158950686,0.02824264019727707,0.24,0.019761276245117188,0.0,0.0,0.24,0.019761276245117188,inf,0.0,inf,inf,0,rect_top,惯导参数测试当前位置: 顶边向右 3.00m 段，目标直行 3.00m,,0.0,0.0,-1,,
1780714899.424644,1780714899.424747,2.3465609550476074,-0.5209490060806274,-72.82250704381381,0.23499999940395355,0.0,0.0,1.2835000618853214,-0.917851877325593,-96.30885336998664,0.26243081418543435,0.0,7.99843548199286e-08,-96.28020128994311,0.0023925735149532557,0.06699205935001373,9.852617263793945,-0.016519280150532722,0.0015986401122063398,0.03623584285378456,0.24,0.007022476196289063,0.0,0.0,0.24,0.007022476196289063,inf,0.0,inf,inf,0,rect_top,惯导参数测试当前位置: 顶边向右 3.00m 段，目标直行 3.00m,,0.0,0.0,-1,,
1780714900.424682,1780714900.424788,2.417351722717285,-0.7646845579147339,-71.90095060023901,0.23499999940395355,0.0,0.16099999845027924,1.2575452380051841,-1.1675168013328323,-95.44507141231529,0.24935564325199602,0.0,1.7104306727269009e-06,-95.3854745288815,-0.014355440624058247,0.10766580700874329,9.685137748718262,0.005861680023372173,-0.01198980025947094,0.009858280420303345,0.24,-0.0058837890625,0.0,0.0,0.24,-0.0058837890625,inf,0.0,inf,inf,0,rect_top,惯导参数测试当前位置: 顶边向右 3.00m 段，目标直行 3.00m,,0.0,0.0,-1,,
1780714901.424661,1780714901.424764,2.487644672393799,-1.0012471675872803,-75.83162201474379,0.16300000250339508,0.0,-0.40400001406669617,1.2347205319513823,-1.4056190542630753,-98.14581493192998,0.18637321893438674,0.0,-0.24202383278247186,-99.30617504449705,-0.277538537979126,-0.09211408346891403,9.962676048278809,-0.014387760311365128,0.0010657600359991193,-0.3794105648994446,0.08,-0.8,0.0,0.0,0.08,-0.8,inf,0.0,inf,inf,0,rect_corner_3,惯导参数测试当前位置: 右上拐角，开始右转 90 度,,0.0,0.0,-1,,
1780714902.424683,1780714902.424785,2.4993414878845215,-1.1124603748321533,-92.01746963057069,0.08500000089406967,0.0,-0.24199999868869781,1.203606309208282,-1.513255066390017,-115.36067306480871,0.09033024773281792,0.0,-0.24200109475550682,-116.08134169379207,0.1004880890250206,-0.05861805006861687,9.832281112670898,-0.007460320368409157,-0.006394560448825359,-0.24912141263484955,0.08,-0.8,0.0,0.0,0.08,-0.8,inf,0.0,inf,inf,0,rect_corner_3,惯导参数测试当前位置: 右上拐角，开始右转 90 度,,0.0,0.0,-1,,
1780714903.424710,1780714903.424814,2.487419366836548,-1.206818699836731,-104.95461972995105,0.08500000089406967,0.0,-0.24199999868869781,1.1559935516648348,-1.5893979741221282,-129.75657996885272,0.09013978391223336,0.0,-0.2420002636299583,-130.45664797084254,0.06101062521338463,-0.09570293873548508,9.893291473388672,-0.006927440408617258,-0.003463720204308629,-0.2437926083803177,0.08,-0.8,0.0,0.0,0.08,-0.8,inf,0.0,inf,inf,0,rect_corner_3,惯导参数测试当前位置: 右上拐角，开始右转 90 度,,0.0,0.0,-1,,
1780714904.424555,1780714904.424649,2.461906909942627,-1.28196120262146,-116.03592546956891,0.07800000160932541,0.0,-0.16099999845027924,1.0993393036882626,-1.6443904140438768,-142.76857413571273,0.07481814547751559,0.0,-0.24199620303445693,-143.42212642662963,-0.009570294059813023,-0.014355440624058247,9.827495574951172,-0.006394560448825359,0.0018650800921022892,-0.22620756924152374,0.08,-0.8,0.0,0.0,0.08,-0.8,inf,0.0,inf,inf,0,rect_corner_3,惯导参数测试当前位置: 右上拐角，开始右转 90 度,,0.0,0.0,-1,,
1780714905.424690,1780714905.424786,2.4192800521850586,-1.3571138381958008,-128.9736561350287,0.08500000089406967,0.0,-0.24199999868869781,1.029395613690098,-1.6866734610974714,-156.09067388260524,0.08882435165342908,0.0,-0.24200007971485843,-156.70111131382575,-0.14714327454566956,0.017944300547242165,9.721026420593262,-0.0021315200719982386,0.004795920103788376,-0.24992072582244873,0.08,-0.8,0.0,0.0,0.08,-0.8,inf,0.0,inf,inf,0,rect_corner_3,惯导参数测试当前位置: 右上拐角，开始右转 90 度,,0.0,0.0,-1,,
1780714906.424667,1780714906.424770,2.360705852508545,-1.420128583908081,-142.14579889280336,0.08500000089406967,0.0,-0.24199999868869781,0.947127688561019,-1.7123857686705326,-170.19986884005866,0.08792167427465408,0.0,-0.24199991767312717,-170.93174018315864,0.014355440624058247,-0.041870035231113434,9.723418235778809,-0.008792520500719547,0.0002664400089997798,-0.23233568668365479,0.08,-0.689746769266673,0.0,0.0,0.08,-0.689746769266673,inf,0.0,inf,inf,0,rect_corner_3,惯导参数测试当前位置: 右上拐角，开始右转 90 度,,0.0,0.0,-1,,
1780714907.424685,1780714907.424803,2.2919418811798096,-1.4682164192199707,-153.69015730720224,0.07100000232458115,0.0,-0.24199999868869781,0.8649965863274436,-1.7174224572563948,176.70717916012268,0.08733557180612295,0.0,-0.24199991764758366,176.00498155078188,0.032299742102622986,-0.09929180145263672,9.888505935668945,-0.008792520500719547,-0.009858280420303345,-0.23233568668365479,0.08,-0.2867187579446515,0.0,0.0,0.08,-0.2867187579446515,inf,0.0,inf,inf,0,rect_corner_3,惯导参数测试当前位置: 右上拐角，开始右转 90 度,,0.0,0.0,-1,,
1780714908.424852,1780714908.424957,2.2034850120544434,-1.5034641027450562,-162.4655433716996,0.16300000250339508,0.0,0.07999999821186066,0.7792906360179265,-1.7032441412729005,166.61983008630932,0.15286961312462466,0.0,0.07999281888288999,166.8497596025462,0.44142982363700867,-0.07416977733373642,9.698296546936035,0.01332200039178133,-0.009325399994850159,0.04875852167606354,0.24,0.0772064208984375,0.0,0.0,0.24,0.0772064208984375,inf,0.0,inf,inf,0,rect_side_2,惯导参数测试当前位置: 右边向下 0.50m 段，目标直行 0.50m,,0.0,0.0,-1,,
1780714909.424647,1780714909.424749,1.992854118347168,-1.5808038711547852,-160.86053087901664,0.23499999940395355,0.0,0.0,0.5694511581577842,-1.6607896190408942,169.99645326572238,0.23949628756728195,0.0,1.198530048891755e-05,170.1286787758734,0.26198679208755493,0.20217245817184448,9.693511962890625,0.008526080287992954,-0.009591840207576752,0.039166681468486786,0.24,0.025987625122070312,0.0,0.0,0.24,0.025987625122070312,inf,0.0,inf,inf,0,rect_side_2,惯导参数测试当前位置: 右边向下 0.50m 段，目标直行 0.50m,,0.0,0.0,-1,,
1780714910.424646,1780714910.424747,1.7651853561401367,-1.6711480617523193,-159.48199379883297,0.2150000035762787,0.0,-0.07999999821186066,0.33101147027304406,-1.623228972762608,171.71794471499493,0.22671518859624476,0.0,-7.998445568369039e-08,171.53123464707306,-0.4222892224788666,-0.1256101131439209,9.878935813903809,0.006128120236098766,-0.0010657600359991193,-0.09378688037395477,0.08,-0.8,0.0,0.0,0.08,-0.8,inf,0.0,inf,inf,0,rect_corner_4,惯导参数测试当前位置: 右下拐角，开始右转 90 度,,0.0,0.0,-1,,
1780714911.424695,1780714911.424799,1.6565158367156982,-1.7013967037200928,-174.50940718047985,0.07800000160932541,0.0,-0.16099999845027924,0.2046865798426559,-1.590360762313512,154.97619957424655,0.08635327356683845,0.0,-0.24200036958668986,154.3122553891226,-0.1004880890250206,0.06459948420524597,9.804766654968262,0.0005328800179995596,0.007460320368409157,-0.23313501477241516,0.08,-0.8,0.0,0.0,0.08,-0.8,inf,0.0,inf,inf,0,rect_corner_4,惯导参数测试当前位置: 右下拐角，开始右转 90 度,,0.0,0.0,-1,,
1780714912.424680,1780714912.424782,1.5745598077774048,-1.7001105546951294,173.24899503426803,0.08500000089406967,0.0,-0.07999999821186066,0.13581665126606568,-1.5484825709971386,141.56627742546326,0.07941651545824195,0.0,-0.16101358151516107,140.90203070870044,-0.18063929677009583,-0.09809551388025284,9.864580154418945,-0.014387760311365128,-0.0031972802244126797,-0.23446720838546753,0.08,-0.8,0.0,0.0,0.08,-0.8,inf,0.0,inf,inf,0,rect_corner_4,惯导参数测试当前位置: 右下拐角，开始右转 90 度,,0.0,0.0,-1,,
1780714913.424666,1780714913.424768,1.4965637922286987,-1.6818859577178955,162.16613884170863,0.08500000089406967,0.0,-0.24199999868869781,0.07779033310537047,-1.4912091481204452,128.08787312217765,0.0926816320008927,0.0,-0.16101470180081176,127.32306945825171,-0.09809551388025284,-0.04904775694012642,9.716240882873535,-0.0026644000317901373,-0.0010657600359991193,-0.2512529194355011,0.08,-0.8,0.0,0.0,0.08,-0.8,inf,0.0,inf,inf,0,rect_corner_4,惯导参数测试当前位置: 右下拐角，开始右转 90 度,,0.0,0.0,-1,,
1780714914.424663,1780714914.424764,1.4550237655639648,-1.664846658706665,156.40688235241882,0.052000001072883606,0.0,-0.16099999845027924,0.05138878632466636,-1.4525219092327233,120.94362982955536,0.04597720678867601,0.0,-0.08000195079048283,120.63950944328543,0.2763422429561615,-0.23327592015266418,9.864580154418945,-0.0002664400089997798,-0.02504536136984825,-0.10178008675575256,0.08,-0.8,0.0,0.0,0.08,-0.8,inf,0.0,inf,inf,0,rect_corner_4,惯导参数测试当前位置: 右下拐角，开始右转 90 度,,0.0,0.0,-1,,
1780714915.424736,1780714915.424838,1.3957077264785767,-1.6353027820587158,154.79405612332536,0.07100000232458115,0.0,0.07999999821186066,0.01949141341210641,-1.3982975158241828,120.11757240592674,0.07981071137435247,0.0,-0.16099975744264972,120.03748123007585,0.12202125042676926,-0.03588860109448433,9.826299667358398,0.0021315200719982386,-0.0010657600359991193,-0.007993199862539768,0.08,-0.8,0.0,0.0,0.08,-0.8,inf,0.0,inf,inf,0,rect_corner_4,惯导参数测试当前位置: 右下拐角，开始右转 90 度,,0.0,0.0,-1,,
1780714916.424598,1780714916.424699,1.3195782899856567,-1.5931123495101929,150.66332163784173,0.08500000089406967,0.0,-0.07999999821186066,-0.020744290295964515,-1.3245401953672131,116.33526798741703,0.08718281708645165,0.0,-0.07999716817169801,116.17871717096081,-0.12919896841049194,-0.20695760846138,9.839458465576172,-0.0018650800921022892,0.0,-0.07886624336242676,0.08,-0.8,0.0,0.0,0.08,-0.8,inf,0.0,inf,inf,0,rect_corner_4,惯导参数测试当前位置: 右下拐角，开始右转 90 度,,0.0,0.0,-1,,
1780714917.424726,1780714917.424839,1.2538666725158691,-1.548289179801941,145.14579920365705,0.07800000160932541,0.0,-0.16099999845027924,-0.05319296961211164,-1.2537303667658297,112.50443573196011,0.08032940699565821,0.0,-1.3808520956448689e-05,112.32622493128055,0.2129390388727188,0.15551728010177612,9.721026420593262,0.0026644000317901373,0.0007993200561031699,-0.0735374391078949,0.08,-0.8,0.0,0.0,0.08,-0.8,inf,0.0,inf,inf,0,rect_corner_4,惯导参数测试当前位置: 右下拐角，开始右转 90 度,,0.0,0.0,-1,,
1780714918.424789,1780714918.424903,1.2443287372589111,-1.540907859802246,142.60830196472727,0.0,0.0,0.0,-0.059759832373994105,-1.2372441580281204,111.69799122711206,-5.973940312103515e-10,0.0,1.505226353323407e-07,111.69473472293282,0.1256101131439209,-0.016748014837503433,9.816729545593262,-0.0007993200561031699,-0.0005328800179995596,0.0010657600359991193,0.08,-0.8,0.0,0.0,0.08,-0.8,inf,0.0,inf,inf,0,rect_corner_4,惯导参数测试当前位置: 右下拐角，开始右转 90 度,,0.0,0.0,-1,,
